application_id,customer_email,installer_partner_id,installation_type,system_size_kwp,loan_amount_eur,loan_term_months,application_date,credit_score,annual_income_eur,postal_code,status,data_quality_flags,risk_category,loan_to_income_ratio,processed_at,loan_id,disbursement_date,current_balance_eur,days_past_due,payment_status,last_payment_date,next_payment_due,lms_quality_flags,delinquency_bucket,months_since_disbursement,estimated_remaining_balance
APP001,kunde@example.de,INST_042,solar_pv,8.5,15000,120,2024-11-15,720.0,65000.0,10115,approved,{},Good,0.23076923076923078,2026-01-23 18:55:21.640842+01:00,LN20250310,2025-03-10,24364.0,0.0,current,2025-04-30,2025-05-30,"{""duplicate_loan_id"": true, ""balance_exceeds_original"": true}",Current,10.0,24364.0
APP002,customer@email.com,INST_042,solar_battery,12.3,28000,180,2024-11-16,680.0,52000.0,80331,approved,{},Fair,0.5384615384615384,2026-01-23 18:55:21.640842+01:00,LN20250319,2025-03-19,27616.0,0.0,current,2025-05-01,2025-05-31,"{""duplicate_loan_id"": true}",Current,10.0,27616.0
APP003,client@mail.de,INST_091,heat_pump,,18500,144,2024-11-16,750.0,78000.0,50667,approved,{},Excellent,0.23717948717948717,2026-01-23 18:55:21.640842+01:00,LN20250315,2025-03-15,23798.0,0.0,current,2025-04-21,2025-05-21,"{""duplicate_loan_id"": true, ""balance_exceeds_original"": true}",Current,10.0,23798.0
APP004,user@domain.com,INST_042,solar_pv,6.2,11200,96,2024-11-17,620.0,45000.0,20095,declined,{},Poor,0.24888888888888888,2026-01-23 18:55:21.640842+01:00,,,,,,,,,Current,,11200.0
APP005,person@web.de,INST_156,solar_pv,9.8,17500,120,2024-11-18,,61000.0,60311,pending,"{""credit_score_out_of_range"": true}",Unknown,0.28688524590163933,2026-01-23 18:55:21.640842+01:00,,,,,,,,,Current,,17500.0
APP006,buyer@provider.com,INST_091,solar_battery,15.0,32000,180,2024-11-19,710.0,85000.0,40210,approved,{},Good,0.3764705882352941,2026-01-23 18:55:21.640842+01:00,LN20250310,2025-03-10,28282.0,5.0,late,2025-04-15,2025-05-15,"{""duplicate_loan_id"": true}",Late,10.0,28282.0
APP007,applicant@email.de,INST_042,heat_pump,,22000,156,2024-11-20,695.0,72000.0,70173,approved,{},Fair,0.3055555555555556,2026-01-23 18:55:21.640842+01:00,LN20250303,2025-03-03,26450.0,0.0,current,2025-03-24,2025-04-23,"{""duplicate_loan_id"": true, ""balance_exceeds_original"": true}",Current,10.0,26450.0
APP008,new@customer.com,INST_999,solar_pv,7.5,13800,120,2024-11-21,640.0,48000.0,invalid,pending,"{""invalid_postal_code"": true}",Poor,0.2875,2026-01-23 18:55:21.640842+01:00,,,,,,,,,Current,,13800.0
APP009,test@email.de,INST_156,solar_pv,11.2,19500,144,2024-11-22,780.0,92000.0,01067,approved,{},Excellent,0.21195652173913043,2026-01-23 18:55:21.640842+01:00,LN20250304,2025-03-04,28739.0,0.0,current,2025-04-09,2025-05-09,"{""duplicate_loan_id"": true, ""balance_exceeds_original"": true}",Current,10.0,28739.0
APP010,final@test.com,INST_042,solar_battery,0.0,25000,180,2024-11-23,660.0,55000.0,22301,declined,"{""invalid_system_size"": true}",Fair,0.45454545454545453,2026-01-23 18:55:21.640842+01:00,,,,,,,,,Current,,25000.0
APP011,duplicate@email.de,INST_091,solar_pv,9.0,16000,120,2024-11-24,730.0,68000.0,30159,approved,{},Good,0.23529411764705882,2026-01-23 18:55:21.640842+01:00,LN20250331,2025-03-31,19226.0,0.0,current,2025-04-29,2025-05-29,"{""duplicate_loan_id"": true}",Current,10.0,19226.0
APP011,different@email.com,INST_042,heat_pump,,20000,144,2024-11-25,700.0,70000.0,40211,approved,"{""id_duplicate"": true}",Good,0.2857142857142857,2026-01-23 18:55:21.640842+01:00,LN20250331,2025-03-31,19226.0,0.0,current,2025-04-29,2025-05-29,"{""duplicate_loan_id"": true}",Current,10.0,19226.0
APP013,missing.income@test.de,INST_156,solar_pv,8.8,15500,120,2024-11-26,715.0,,59023,approved,{},Good,,2026-01-23 18:55:21.640842+01:00,LN20250310,2025-03-10,21006.0,0.0,current,2025-04-24,2025-05-24,"{""duplicate_loan_id"": true, ""balance_exceeds_original"": true}",Current,10.0,21006.0
APP014,negative@amount.com,INST_042,solar_battery,10.5,-5000,180,2024-11-27,680.0,62000.0,80335,pending,"{""negative_loan_amount"": true}",Fair,-0.08064516129032258,2026-01-23 18:55:21.640842+01:00,,,,,,,,,Current,,-5000.0
APP015,high.score@email.de,INST_091,solar_pv,7.2,13000,96,2024-11-28,950.0,58000.0,50668,approved,"{""credit_score_out_of_range"": true}",Excellent,0.22413793103448276,2026-01-23 18:55:21.640842+01:00,,,,,,,,,Current,,13000.0
APP016,low.score@test.com,INST_042,heat_pump,,19000,144,2024-11-29,250.0,55000.0,60313,declined,"{""credit_score_out_of_range"": true}",Poor,0.34545454545454546,2026-01-23 18:55:21.640842+01:00,,,,,,,,,Current,,19000.0
APP017,,INST_156,solar_pv,9.5,17000,120,2024-11-30,725.0,67000.0,10117,pending,"{""email_missing"": true}",Good,0.2537313432835821,2026-01-23 18:55:21.640842+01:00,,,,,,,,,Current,,17000.0
APP018,whitespace@email.de,INST_042,solar_battery,11.8,26500,180,2024-12-01,705.0,75000.0,20099,approved,{},Good,0.35333333333333333,2026-01-23 18:55:21.640842+01:00,LN20250329,2025-03-29,16228.0,0.0,current,2025-05-23,2025-06-22,"{""duplicate_loan_id"": true}",Current,10.0,16228.0
APP019,future@application.com,INST_091,solar_pv,8.3,14500,120,2025-02-15,740.0,63000.0,30161,approved,{},Good,0.23015873015873015,2026-01-23 18:55:21.640842+01:00,,,,,,,,,Current,,14500.0
APP020,very.old@email.de,INST_042,heat_pump,,21000,156,2023-06-10,710.0,72000.0,40212,approved,{},Good,0.2916666666666667,2026-01-23 18:55:21.640842+01:00,LN20250308,2025-03-08,21796.0,0.0,current,2025-04-26,2025-05-26,"{""duplicate_loan_id"": true, ""balance_exceeds_original"": true}",Current,10.0,21796.0
APP021,negative.size@test.com,INST_156,solar_pv,-5.0,15000,120,2024-12-02,695.0,61000.0,50670,pending,"{""invalid_system_size"": true}",Fair,0.2459016393442623,2026-01-23 18:55:21.640842+01:00,,,,,,,,,Current,,15000.0
APP022,huge.loan@email.de,INST_042,solar_battery,20.5,250000,240,2024-12-03,760.0,95000.0,60314,approved,{},Excellent,2.6315789473684212,2026-01-23 18:55:21.640842+01:00,LN20250318,2025-03-18,17796.0,0.0,current,2025-04-15,2025-05-15,"{""duplicate_loan_id"": true}",Current,10.0,17796.0
APP023,zero.income@test.com,INST_091,solar_pv,7.8,14000,96,2024-12-04,720.0,0.0,70174,approved,{},Good,,2026-01-23 18:55:21.640842+01:00,,,,,,,,,Current,,14000.0
APP024,tab	character@email.de,INST_042,heat_pump,,18000,144,2024-12-05,690.0,68000.0,80336,pending,"{""invalid_email_format"": true}",Fair,0.2647058823529412,2026-01-23 18:55:21.640842+01:00,,,,,,,,,Current,,18000.0
APP025,special.chars@tëst.dé,INST_156,solar_pv,9.1,16500,120,2024-12-06,735.0,71000.0,01069,approved,"{""invalid_email_format"": true}",Good,0.2323943661971831,2026-01-23 18:55:21.640842+01:00,LN20250302,,16300.0,0.0,current,2025-03-19,2025-04-19,{},Current,,16300.0
APP026,short.zip@email.com,INST_042,solar_battery,12.0,27000,180,2024-12-07,700.0,78000.0,123,approved,"{""invalid_postal_code"": true}",Good,0.34615384615384615,2026-01-23 18:55:21.640842+01:00,,,,,,,,,Current,,27000.0
APP027,long.zip@test.de,INST_091,solar_pv,8.7,15200,120,2024-12-08,725.0,64000.0,123456,approved,"{""invalid_postal_code"": true}",Good,0.2375,2026-01-23 18:55:21.640842+01:00,,,,,,,,,Current,,15200.0
APP028,proper@formatting.com,INST_042,heat_pump,,20500,144,2024-12-09,715.0,73000.0,90402,approved,{},Good,0.2808219178082192,2026-01-23 18:55:21.640842+01:00,LN20250322,2025-03-22,19068.0,0.0,current,2025-05-01,2025-05-31,"{""duplicate_loan_id"": true}",Current,10.0,19068.0
APP030,null@credit.com,INST_042,solar_battery,11.5,26000,180,2024-12-11,,76000.0,80337,approved,"{""credit_score_out_of_range"": true}",Unknown,0.34210526315789475,2026-01-23 18:55:21.640842+01:00,LN20250308,2025-03-08,25548.0,0.0,current,2025-04-25,2025-05-25,"{""duplicate_loan_id"": true}",Current,10.0,25548.0
APP031,extreme.lti@test.de,INST_091,solar_pv,8.0,14500,96,2024-12-12,740.0,25000.0,50671,approved,{},Good,0.58,2026-01-23 18:55:21.640842+01:00,LN20250316,2025-03-16,20769.0,0.0,current,2025-04-08,2025-05-08,"{""duplicate_loan_id"": true, ""balance_exceeds_original"": true}",Current,10.0,20769.0
APP032,weekend@application.com,INST_042,heat_pump,,19500,144,2024-12-14,705.0,70000.0,60315,approved,{},Good,0.2785714285714286,2026-01-23 18:55:21.640842+01:00,LN20250323,2025-03-23,26728.0,0.0,current,2025-04-28,2025-05-28,"{""duplicate_loan_id"": true, ""balance_exceeds_original"": true}",Current,10.0,26728.0
APP033,borderline@score.de,INST_156,solar_pv,9.2,16800,120,2024-12-15,650.0,66000.0,70175,approved,{},Fair,0.2545454545454545,2026-01-23 18:55:21.640842+01:00,LN20250322,2025-03-22,22455.0,0.0,current,2025-05-09,2025-06-08,"{""balance_exceeds_original"": true}",Current,10.0,22455.0
APP034,exactly750@score.com,INST_042,solar_battery,12.5,28500,180,2024-12-16,750.0,82000.0,20100,approved,{},Excellent,0.3475609756097561,2026-01-23 18:55:21.640842+01:00,LN20250327,2025-03-27,27144.0,8.0,late,2025-05-15,2025-06-14,"{""duplicate_loan_id"": true}",Late,10.0,27144.0
APP035,exactly700@score.de,INST_091,solar_pv,8.9,15800,120,2024-12-17,700.0,67000.0,30162,approved,{},Good,0.23582089552238805,2026-01-23 18:55:21.640842+01:00,LN20250314,2025-03-14,15700.0,0.0,current,2025-03-29,2025-04-29,{},Current,10.0,15700.0
APP036,mixed.case@email.de,INST_042,heat_pump,,21500,156,2024-12-18,720.0,74000.0,40213,approved,{},Good,0.2905405405405405,2026-01-23 18:55:21.640842+01:00,LN20250316,2025-03-16,21400.0,0.0,current,2025-03-31,2025-05-01,{},Current,10.0,21400.0
APP037,leading.space@email.de,INST_156,solar_pv,9.6,17500,120,2024-12-19,710.0,68500.0,50672,approved,{},Good,0.25547445255474455,2026-01-23 18:55:21.640842+01:00,LN20250310,2025-03-10,17479.0,0.0,current,2025-05-07,2025-06-06,"{""duplicate_loan_id"": true}",Current,10.0,17479.0
APP038,trailing.space@email.de,INST_042,solar_battery,11.9,27500,180,2024-12-20,725.0,79000.0,80338,approved,{},Good,0.34810126582278483,2026-01-23 18:55:21.640842+01:00,LN20250318,2025-03-18,24504.0,0.0,current,2025-04-19,2025-05-19,"{""duplicate_loan_id"": true}",Current,10.0,24504.0
APP039,invalid.type@test.com,INST_091,wind_turbine,15.0,35000,180,2024-12-21,730.0,85000.0,60316,approved,"{""invalid_installation_type"": true}",Good,0.4117647058823529,2026-01-23 18:55:21.640842+01:00,LN20250306,2025-03-06,16712.0,0.0,current,2025-03-26,2025-04-25,"{""duplicate_loan_id"": true}",Current,10.0,16712.0
APP040,missing.partner@email.de,,solar_pv,8.4,15300,120,2024-12-22,715.0,64500.0,01070,pending,{},Good,0.2372093023255814,2026-01-23 18:55:21.640842+01:00,,,,,,,,,Current,,15300.0
APP041,zero.term@test.com,INST_042,heat_pump,,20000,0,2024-12-23,700.0,71000.0,10118,approved,{},Good,0.28169014084507044,2026-01-23 18:55:21.640842+01:00,,,,,,,,,Current,,20000.0
APP042,negative.term@email.de,INST_156,solar_pv,9.3,16900,-120,2024-12-24,705.0,68000.0,20101,pending,{},Good,0.2485294117647059,2026-01-23 18:55:21.640842+01:00,,,,,,,,,Current,,16900.0
APP043,christmas@application.de,INST_042,solar_battery,12.2,27800,180,2024-12-25,735.0,80000.0,30163,approved,{},Good,0.3475,2026-01-23 18:55:21.640842+01:00,LN20250130,2025-01-30,27750.0,0.0,current,2025-02-22,2025-03-22,{},Current,12.0,27750.0
APP044,perfect.application@email.de,INST_091,solar_pv,10.5,18500,120,2024-12-26,785.0,88000.0,40214,approved,{},Excellent,0.21022727272727273,2026-01-23 18:55:21.640842+01:00,LN20250306,2025-03-06,14463.0,0.0,current,2025-05-02,2025-06-01,"{""duplicate_loan_id"": true}",Current,10.0,14463.0
APP045,minimal.data@test.com,INST_042,heat_pump,,22500,144,2024-12-27,695.0,72500.0,50673,approved,{},Fair,0.3103448275862069,2026-01-23 18:55:21.640842+01:00,LN20250313,2025-03-13,28071.0,1.0,late,2025-05-08,2025-06-07,"{""duplicate_loan_id"": true, ""balance_exceeds_original"": true}",Late,10.0,28071.0
APP046,kunde46@email.de,INST_203,solar_pv,5.9,18935,120,2024-11-11,615.0,48434.0,10115,declined,{},Poor,0.39094437791633974,2026-01-23 18:55:21.640842+01:00,LN20250301,2025-03-01,15865.0,0.0,current,2025-03-30,2025-04-29,"{""duplicate_loan_id"": true}",Current,10.0,15865.0
APP047,kunde47@domain.de,INST_156,heat_pump,,22873,180,2024-10-08,759.0,106426.0,10115,approved,{},Excellent,0.2149192866404826,2026-01-23 18:55:21.640842+01:00,LN20250327,2025-03-27,23152.0,-1.0,current,2025-04-24,2025-05-24,"{""balance_exceeds_original"": true}",Current,10.0,23152.0
APP048,buyer48@domain.de,INST_042,solar_battery,9.2,28224,180,2024-08-27,606.0,47156.0,20099,approved,{},Poor,0.5985240478412079,2026-01-23 18:55:21.640842+01:00,LN20250307,2025-03-07,18781.0,0.0,current,2025-04-29,2025-05-29,"{""duplicate_loan_id"": true}",Current,10.0,18781.0
APP049,person49@domain.de,INST_287,solar_pv,6.9,19459,96,2024-10-16,740.0,82400.0,60311,approved,{},Good,0.23615291262135923,2026-01-23 18:55:21.640842+01:00,LN20250328,2025-03-28,23500.0,0.0,current,2025-05-11,2025-06-10,"{""duplicate_loan_id"": true, ""balance_exceeds_original"": true}",Current,10.0,23500.0
APP050,customer50@web.de,INST_156,solar_pv,8.6,16065,120,2024-07-30,673.0,56319.0,60311,approved,{},Fair,0.2852500932189847,2026-01-23 18:55:21.640842+01:00,,,,,,,,,Current,,16065.0
APP051,kunde51@test.com,INST_042,solar_battery,16.2,25598,144,2024-07-12,756.0,108000.0,60311,approved,{},Excellent,0.23701851851851852,2026-01-23 18:55:21.640842+01:00,LN20250321,2025-03-21,26069.0,0.0,current,2025-05-17,2025-06-16,"{""duplicate_loan_id"": true, ""balance_exceeds_original"": true}",Current,10.0,26069.0
APP052,contact52@test.com,INST_287,solar_battery,15.9,25483,120,2024-09-11,804.0,76245.0,10119,approved,{},Excellent,0.3342251950947603,2026-01-23 18:55:21.640842+01:00,,,,,,,,,Current,,25483.0
APP053,contact53@email.de,INST_042,heat_pump,,21930,96,2024-08-03,689.0,87350.0,70175,approved,{},Fair,0.2510589582140813,2026-01-23 18:55:21.640842+01:00,LN20250301,2025-03-01,22135.0,0.0,current,2025-04-16,2025-05-16,"{""duplicate_loan_id"": true, ""balance_exceeds_original"": true}",Current,10.0,22135.0
APP054,buyer54@web.de,INST_042,heat_pump,,22252,96,2024-07-10,596.0,85432.0,20100,declined,{},Poor,0.26046446296469705,2026-01-23 18:55:21.640842+01:00,LN20250324,2025-03-24,26176.0,0.0,current,2025-05-16,2025-06-15,"{""duplicate_loan_id"": true, ""balance_exceeds_original"": true}",Current,10.0,26176.0
APP055,buyer55@web.de,INST_156,heat_pump,8.0,23123,96,2024-11-22,608.0,73469.0,30159,approved,{},Poor,0.314731383304523,2026-01-23 18:55:21.640842+01:00,LN20250305,2025-03-05,32269.0,0.0,current,2025-03-25,2025-04-24,"{""duplicate_loan_id"": true, ""balance_exceeds_original"": true}",Current,10.0,32269.0
APP056,kunde56@web.de,INST_334,solar_battery,9.9,34492,180,2024-11-08,619.0,84009.0,30163,approved,{},Poor,0.4105750574343225,2026-01-23 18:55:21.640842+01:00,,,,,,,,,Current,,34492.0
APP057,customer57@email.de,INST_512,solar_pv,7.4,10949,96,2024-06-05,658.0,66385.0,50670,declined,{},Fair,0.16493183701137304,2026-01-23 18:55:21.640842+01:00,LN20250318,2025-03-18,15093.0,0.0,current,2025-05-01,2025-05-31,"{""duplicate_loan_id"": true, ""balance_exceeds_original"": true}",Current,10.0,15093.0
APP058,person58@web.de,INST_203,heat_pump,,20342,144,2024-12-12,720.0,56643.0,30159,approved,{},Good,0.359126458697456,2026-01-23 18:55:21.640842+01:00,LN20250307,2025-03-07,23055.0,0.0,current,2025-05-04,2025-06-03,"{""duplicate_loan_id"": true, ""balance_exceeds_original"": true}",Current,10.0,23055.0
APP059,person59@web.de,INST_203,heat_pump,,20061,96,2024-09-11,695.0,50860.0,40212,approved,{},Fair,0.3944357058592214,2026-01-23 18:55:21.640842+01:00,LN20250330,2025-03-30,22112.0,46.0,delinquent,2025-05-25,2025-06-24,"{""duplicate_loan_id"": true, ""balance_exceeds_original"": true}",Delinquent,10.0,22112.0
APP060,contact60@test.com,INST_608,heat_pump,,17160,120,2024-06-19,588.0,78309.0,40212,approved,{},Poor,0.21913190054782974,2026-01-23 18:55:21.640842+01:00,LN20250321,2025-03-21,21347.0,0.0,current,2025-05-11,2025-06-10,"{""balance_exceeds_original"": true}",Current,10.0,21347.0
APP061,applicant61@example.com,INST_042,heat_pump,12.6,19119,96,2024-12-03,786.0,88354.0,40210,approved,{},Excellent,0.21639088213323676,2026-01-23 18:55:21.640842+01:00,LN20250320,2025-03-20,18624.0,0.0,current,2025-05-15,2025-06-14,"{""duplicate_loan_id"": true}",Current,10.0,18624.0
APP062,user62@mail.de,INST_512,solar_battery,14.4,25116,120,2024-06-16,643.0,60112.0,01070,approved,{},Poor,0.41782006920415227,2026-01-23 18:55:21.640842+01:00,LN20250305,2025-03-05,19375.0,0.0,current,2025-04-12,2025-05-12,"{""duplicate_loan_id"": true}",Current,10.0,19375.0
APP063,person63@test.com,INST_421,solar_battery,19.6,22241,180,2024-06-20,592.0,105855.0,30161,declined,{},Poor,0.21010816683198716,2026-01-23 18:55:21.640842+01:00,LN20250320,2025-03-20,19239.0,0.0,current,2025-04-09,2025-05-09,"{""duplicate_loan_id"": true}",Current,10.0,19239.0
APP064,buyer64@example.com,INST_608,solar_pv,14.3,14345,180,2024-10-02,580.0,86173.0,60311,pending,{},Poor,0.1664674550033073,2026-01-23 18:55:21.640842+01:00,,,,,,,,,Current,,14345.0
APP065,contact65@web.de,INST_608,solar_pv,12.5,10998,120,2024-07-10,768.0,106066.0,50667,approved,{},Excellent,0.10369015518639338,2026-01-23 18:55:21.640842+01:00,,,,,,,,,Current,,10998.0
APP066,kunde66@web.de,INST_091,heat_pump,14.2,22615,180,2024-06-15,597.0,65828.0,10119,declined,{},Poor,0.34354681898280365,2026-01-23 18:55:21.640842+01:00,,,,,,,,,Current,,22615.0
APP067,buyer67@example.com,INST_334,heat_pump,,19910,96,2024-11-16,632.0,76180.0,40210,approved,{},Poor,0.26135468626936204,2026-01-23 18:55:21.640842+01:00,LN20250319,2025-03-19,22962.0,0.0,current,2025-05-05,2025-06-04,"{""duplicate_loan_id"": true, ""balance_exceeds_original"": true}",Current,10.0,22962.0
APP068,client68@email.de,INST_203,solar_battery,14.1,25492,144,2024-06-03,598.0,105468.0,40211,pending,{},Poor,0.2417036447073994,2026-01-23 18:55:21.640842+01:00,LN20250302,2025-03-02,29807.0,0.0,current,2025-04-09,2025-05-09,"{""duplicate_loan_id"": true, ""balance_exceeds_original"": true}",Current,10.0,29807.0
APP069,customer69@test.com,INST_287,solar_pv,11.7,10128,96,2024-08-12,736.0,104329.0,60314,declined,{},Good,0.09707751440155661,2026-01-23 18:55:21.640842+01:00,LN20250311,2025-03-11,22944.0,57.0,delinquent,2025-04-16,2025-05-16,"{""duplicate_loan_id"": true, ""balance_exceeds_original"": true}",Delinquent,10.0,22944.0
APP070,contact70@mail.de,INST_042,heat_pump,,19335,96,2024-06-28,633.0,79942.0,70175,approved,{},Poor,0.24186285056666082,2026-01-23 18:55:21.640842+01:00,,,,,,,,,Current,,19335.0
APP071,contact71@web.de,INST_421,solar_battery,19.8,32438,96,2024-11-10,,52146.0,30163,approved,"{""credit_score_out_of_range"": true}",Unknown,0.6220611360411153,2026-01-23 18:55:21.640842+01:00,LN20250305,2025-03-05,18535.0,0.0,current,2025-04-07,2025-05-07,"{""duplicate_loan_id"": true}",Current,10.0,18535.0
APP072,kunde72@mail.de,INST_334,solar_pv,10.5,19543,96,2024-06-29,793.0,83393.0,01069,pending,{},Excellent,0.23434820668401424,2026-01-23 18:55:21.640842+01:00,LN20250328,2025-03-28,27910.0,0.0,current,2025-05-18,2025-06-17,"{""duplicate_loan_id"": true, ""balance_exceeds_original"": true}",Current,10.0,27910.0
APP073,person73@domain.de,INST_156,solar_pv,14.7,16658,120,2024-08-31,779.0,108385.0,01067,approved,{},Excellent,0.15369285417723855,2026-01-23 18:55:21.640842+01:00,LN20250321,2025-03-21,12801.0,0.0,current,2025-04-29,2025-05-29,"{""duplicate_loan_id"": true}",Current,10.0,12801.0
APP074,customer74@example.com,INST_042,solar_pv,7.7,14065,180,2024-09-14,818.0,88964.0,20100,declined,{},Excellent,0.1580976574794299,2026-01-23 18:55:21.640842+01:00,,,,,,,,,Current,,14065.0
APP075,client75@mail.de,INST_091,solar_pv,5.2,13652,144,2024-07-27,790.0,64831.0,30163,pending,{},Excellent,0.21057827273989296,2026-01-23 18:55:21.640842+01:00,LN20250319,2025-03-19,13385.0,0.0,current,2025-04-26,2025-05-26,"{""duplicate_loan_id"": true}",Current,10.0,13385.0
APP076,buyer76@email.de,INST_091,heat_pump,14.8,16452,180,2024-08-29,717.0,78404.0,70174,approved,{},Good,0.209836232845263,2026-01-23 18:55:21.640842+01:00,,,,,,,,,Current,,16452.0
APP077,kunde77@provider.com,INST_421,heat_pump,,22311,96,2024-08-28,710.0,50157.0,30161,approved,{},Good,0.4448232549793648,2026-01-23 18:55:21.640842+01:00,,,,,,,,,Current,,22311.0
APP078,client78@web.de,INST_334,heat_pump,,21967,96,2024-10-12,751.0,60825.0,01067,declined,{},Excellent,0.3611508425811755,2026-01-23 18:55:21.640842+01:00,LN20250303,2025-03-03,19157.0,15.0,late,2025-03-30,2025-04-29,"{""duplicate_loan_id"": true}",Late,10.0,19157.0
APP079,applicant79@provider.com,INST_156,solar_battery,9.5,31083,144,2024-12-02,683.0,73752.0,70174,approved,{},Fair,0.4214529775463716,2026-01-23 18:55:21.640842+01:00,,,,,,,,,Current,,31083.0
APP080,contact80@domain.de,INST_156,heat_pump,,23618,96,2024-09-12,690.0,77237.0,30163,approved,{},Fair,0.30578608697903853,2026-01-23 18:55:21.640842+01:00,LN20250310,2025-03-10,22469.0,0.0,current,2025-05-02,2025-06-01,"{""duplicate_loan_id"": true}",Current,10.0,22469.0
APP081,kunde81@email.de,INST_203,heat_pump,,21085,180,2024-08-12,789.0,65784.0,01067,approved,{},Excellent,0.3205186671531071,2026-01-23 18:55:21.640842+01:00,LN20250328,2025-03-28,12659.0,-1.0,current,2025-05-04,2025-06-03,{},Current,10.0,12659.0
APP082,kunde82@domain.de,INST_091,solar_pv,9.0,18099,180,2024-11-04,629.0,85328.0,60314,approved,{},Poor,0.21211091318207387,2026-01-23 18:55:21.640842+01:00,,,,,,,,,Current,,18099.0
APP083,user83@domain.de,INST_512,solar_pv,14.2,14082,144,2024-07-27,592.0,108060.0,30161,pending,{},Poor,0.1303164908384231,2026-01-23 18:55:21.640842+01:00,LN20250314,2025-03-14,27969.0,0.0,current,2025-04-12,2025-05-12,"{""duplicate_loan_id"": true, ""balance_exceeds_original"": true}",Current,10.0,27969.0
APP084,contact84@example.com,INST_287,solar_battery,18.8,29305,120,2024-12-11,689.0,106810.0,40211,declined,{},Fair,0.2743656960958712,2026-01-23 18:55:21.640842+01:00,,,,,,,,,Current,,29305.0
APP085,buyer85@mail.de,INST_334,solar_battery,8.9,29206,96,2024-11-11,641.0,70992.0,30159,declined,{},Poor,0.41139846743295017,2026-01-23 18:55:21.640842+01:00,LN20250329,2025-03-29,13079.0,0.0,current,2025-05-03,2025-06-02,{},Current,10.0,13079.0
APP086,applicant86@email.de,INST_203,solar_pv,9.1,16797,180,2024-07-06,634.0,43418.0,80335,approved,{},Poor,0.3868671979363398,2026-01-23 18:55:21.640842+01:00,,,,,,,,,Current,,16797.0
APP087,applicant87@web.de,INST_608,heat_pump,10.5,23814,120,2024-09-08,727.0,84857.0,01069,approved,{},Good,0.2806368360889496,2026-01-23 18:55:21.640842+01:00,LN20250315,2025-03-15,16580.0,0.0,current,2025-04-17,2025-05-17,"{""duplicate_loan_id"": true}",Current,10.0,16580.0
APP088,user88@web.de,INST_608,solar_pv,12.2,16624,96,2024-10-03,,79057.0,80337,approved,"{""credit_score_out_of_range"": true}",Unknown,0.21027865970122822,2026-01-23 18:55:21.640842+01:00,LN20250307,2025-03-07,15510.0,0.0,current,2025-04-26,2025-05-26,"{""duplicate_loan_id"": true}",Current,10.0,15510.0
APP089,contact89@mail.de,INST_334,heat_pump,9.8,23564,180,2024-09-09,689.0,52786.0,40210,approved,{},Fair,0.4464062440798697,2026-01-23 18:55:21.640842+01:00,LN20250324,2025-03-24,28734.0,0.0,current,2025-05-17,2025-06-16,"{""duplicate_loan_id"": true, ""balance_exceeds_original"": true}",Current,10.0,28734.0
APP090,customer90@domain.de,INST_042,solar_battery,20.0,22853,96,2024-08-11,771.0,105702.0,80337,declined,{},Excellent,0.21620215322321243,2026-01-23 18:55:21.640842+01:00,LN20250311,2025-03-11,15000.0,0.0,current,2025-05-03,2025-06-02,"{""duplicate_loan_id"": true}",Current,10.0,15000.0
APP091,buyer91@domain.de,INST_334,solar_pv,10.6,11874,120,2024-08-03,612.0,97070.0,30163,approved,{},Poor,0.12232409601318636,2026-01-23 18:55:21.640842+01:00,LN20250328,2025-03-28,15096.0,0.0,current,2025-05-20,2025-06-19,"{""duplicate_loan_id"": true, ""balance_exceeds_original"": true}",Current,10.0,15096.0
APP092,applicant92@example.com,INST_203,heat_pump,,17771,96,2024-11-03,621.0,75768.0,01070,declined,{},Poor,0.23454492661809734,2026-01-23 18:55:21.640842+01:00,,,,,,,,,Current,,17771.0
APP093,kunde93@mail.de,INST_608,heat_pump,,17983,180,2024-10-30,777.0,74529.0,30163,approved,{},Excellent,0.2412886259040105,2026-01-23 18:55:21.640842+01:00,LN20250323,2025-03-23,19973.0,0.0,current,2025-05-07,2025-06-06,"{""duplicate_loan_id"": true, ""balance_exceeds_original"": true}",Current,10.0,19973.0
APP094,contact94@provider.com,INST_156,solar_battery,9.3,30031,180,2024-11-17,797.0,90057.0,10119,approved,{},Excellent,0.33346658227566983,2026-01-23 18:55:21.640842+01:00,LN20250314,2025-03-14,21882.0,0.0,current,2025-04-16,2025-05-16,"{""duplicate_loan_id"": true}",Current,10.0,21882.0
APP095,buyer95@mail.de,INST_203,heat_pump,,23921,96,2024-07-16,786.0,105539.0,70174,pending,{},Excellent,0.22665554913349567,2026-01-23 18:55:21.640842+01:00,,,,,,,,,Current,,23921.0
APP096,user96@example.com,INST_203,solar_battery,8.3,27511,144,2024-08-11,751.0,84674.0,80335,declined,{},Excellent,0.3249049294942958,2026-01-23 18:55:21.640842+01:00,LN20250325,2025-03-25,27307.0,0.0,current,2025-04-27,2025-05-27,"{""duplicate_loan_id"": true}",Current,10.0,27307.0
APP097,customer97@test.com,INST_421,solar_battery,8.1,31106,180,2024-12-22,805.0,71211.0,50668,approved,{},Excellent,0.4368145370799455,2026-01-23 18:55:21.640842+01:00,LN20250311,2025-03-11,25311.0,0.0,current,2025-04-24,2025-05-24,{},Current,10.0,25311.0
APP098,person98@mail.de,INST_719,solar_pv,7.9,11524,144,2024-10-21,694.0,37260.0,01069,approved,{},Fair,0.3092860976918948,2026-01-23 18:55:21.640842+01:00,LN20250323,2025-03-23,21433.0,0.0,current,2025-04-19,2025-05-19,"{""duplicate_loan_id"": true, ""balance_exceeds_original"": true}",Current,10.0,21433.0
APP099,buyer99@test.com,INST_091,heat_pump,,21764,120,2024-09-30,720.0,78357.0,70174,approved,{},Good,0.2777543805913958,2026-01-23 18:55:21.640842+01:00,,,,,,,,,Current,,21764.0
APP100,buyer100@email.de,INST_203,solar_pv,12.4,13545,144,2024-08-20,627.0,60105.0,01070,approved,{},Poor,0.22535562765160969,2026-01-23 18:55:21.640842+01:00,LN20250325,2025-03-25,15709.0,0.0,current,2025-05-12,2025-06-11,"{""balance_exceeds_original"": true}",Current,10.0,15709.0
APP101,user101@provider.com,INST_512,solar_battery,19.7,22745,96,2024-07-29,612.0,70954.0,20100,approved,{},Poor,0.320559799306593,2026-01-23 18:55:21.640842+01:00,LN20250316,2025-03-16,12267.0,0.0,current,2025-04-30,2025-05-30,"{""duplicate_loan_id"": true}",Current,10.0,12267.0
APP102,customer102@example.com,INST_512,heat_pump,,20136,96,2024-06-04,627.0,41734.0,50667,approved,{},Poor,0.48248430536253417,2026-01-23 18:55:21.640842+01:00,LN20250315,2025-03-15,19687.0,15.0,late,2025-04-22,2025-05-22,"{""duplicate_loan_id"": true}",Late,10.0,19687.0
APP103,applicant103@web.de,INST_719,heat_pump,,17395,120,2024-10-26,724.0,74824.0,01067,approved,{},Good,0.23247888378060516,2026-01-23 18:55:21.640842+01:00,,,,,,,,,Current,,17395.0
APP104,customer104@domain.de,INST_203,heat_pump,,21003,120,2024-12-16,800.0,91207.0,60311,approved,{},Excellent,0.23027837775609328,2026-01-23 18:55:21.640842+01:00,LN20250324,2025-03-24,14218.0,0.0,current,2025-05-23,2025-06-22,"{""duplicate_loan_id"": true}",Current,10.0,14218.0
APP105,contact105@mail.de,INST_042,heat_pump,,16043,120,2024-08-07,599.0,55517.0,10119,approved,{},Poor,0.28897454833654557,2026-01-23 18:55:21.640842+01:00,LN20250315,2025-03-15,25177.0,0.0,current,2025-05-04,2025-06-03,"{""balance_exceeds_original"": true}",Current,10.0,25177.0
APP106,person106@example.com,INST_091,heat_pump,,20334,120,2024-08-13,755.0,65595.0,50667,declined,{},Excellent,0.30999313972101533,2026-01-23 18:55:21.640842+01:00,,,,,,,,,Current,,20334.0
APP107,buyer107@example.com,INST_091,solar_pv,12.5,19749,180,2024-11-13,622.0,75319.0,80337,declined,{},Poor,0.26220475577211594,2026-01-23 18:55:21.640842+01:00,LN20250304,2025-03-04,17271.0,0.0,late,2025-04-12,2025-05-12,"{""duplicate_loan_id"": true}",Current,10.0,17271.0
APP108,client108@web.de,INST_287,solar_battery,9.0,29172,96,2024-11-24,718.0,99722.0,01069,approved,{},Good,0.29253324241391065,2026-01-23 18:55:21.640842+01:00,LN20250305,2025-03-05,27913.0,0.0,current,2025-04-11,2025-05-11,"{""duplicate_loan_id"": true}",Current,10.0,27913.0
APP109,contact109@web.de,INST_512,solar_pv,5.4,19441,144,2024-06-24,585.0,70325.0,01067,declined,{},Poor,0.27644507643085675,2026-01-23 18:55:21.640842+01:00,LN20250326,2025-03-26,21232.0,0.0,current,2025-05-03,2025-06-02,"{""balance_exceeds_original"": true}",Current,10.0,21232.0
APP110,customer110@domain.de,INST_156,heat_pump,,21700,144,2024-07-17,603.0,96605.0,60313,approved,{},Poor,0.22462605455204182,2026-01-23 18:55:21.640842+01:00,,,,,,,,,Current,,21700.0
APP111,client111@email.de,INST_421,heat_pump,,16601,96,2024-09-14,788.0,107102.0,70173,approved,{},Excellent,0.1550017740098224,2026-01-23 18:55:21.640842+01:00,,,,,,,,,Current,,16601.0
APP112,user112@mail.de,INST_512,heat_pump,,23242,180,2024-11-16,672.0,100338.0,60314,approved,{},Fair,0.23163706671450499,2026-01-23 18:55:21.640842+01:00,LN20250308,2025-03-08,15230.0,0.0,current,2025-05-05,2025-06-04,"{""duplicate_loan_id"": true}",Current,10.0,15230.0
APP113,person113@domain.de,INST_091,solar_pv,5.1,19024,180,2024-07-02,620.0,75730.0,40212,approved,{},Poor,0.2512082397992869,2026-01-23 18:55:21.640842+01:00,LN20250313,2025-03-13,26731.0,0.0,current,2025-04-02,2025-05-02,"{""balance_exceeds_original"": true}",Current,10.0,26731.0
APP114,contact114@test.com,INST_512,heat_pump,,20479,120,2024-07-01,654.0,101698.0,30163,approved,{},Fair,0.20137072508800566,2026-01-23 18:55:21.640842+01:00,LN20250331,2025-03-31,16965.0,0.0,current,2025-05-30,2025-06-29,"{""duplicate_loan_id"": true}",Current,10.0,16965.0
APP115,client115@domain.de,INST_608,solar_pv,12.7,14526,144,2024-09-07,801.0,44150.0,40211,approved,{},Excellent,0.32901472253680636,2026-01-23 18:55:21.640842+01:00,LN20250326,2025-03-26,24157.0,0.0,current,2025-05-02,2025-06-01,"{""duplicate_loan_id"": true, ""balance_exceeds_original"": true}",Current,10.0,24157.0
APP116,client116@web.de,INST_608,solar_pv,9.5,12434,180,2024-12-28,728.0,99178.0,50667,declined,{},Good,0.12537054588719274,2026-01-23 18:55:21.640842+01:00,LN20250331,2025-03-31,24542.0,0.0,current,2025-05-19,2025-06-18,"{""duplicate_loan_id"": true, ""balance_exceeds_original"": true}",Current,10.0,24542.0
APP117,contact117@provider.com,INST_421,solar_battery,12.9,34706,180,2024-09-25,678.0,65613.0,80331,pending,{},Fair,0.5289500556292198,2026-01-23 18:55:21.640842+01:00,,,,,,,,,Current,,34706.0
APP118,contact118@email.de,INST_608,heat_pump,,21439,180,2024-11-17,,100836.0,20099,approved,"{""credit_score_out_of_range"": true}",Unknown,0.21261255900670395,2026-01-23 18:55:21.640842+01:00,,,,,,,,,Current,,21439.0
APP119,applicant119@provider.com,INST_091,heat_pump,,23692,144,2024-06-04,619.0,44807.0,20099,approved,{},Poor,0.5287566674849912,2026-01-23 18:55:21.640842+01:00,LN20250319,2025-03-19,14132.0,0.0,current,2025-04-24,2025-05-24,{},Current,10.0,14132.0
APP120,buyer120@test.com,INST_091,heat_pump,8.5,24864,180,2024-11-20,807.0,98956.0,60311,pending,{},Excellent,0.25126318767937267,2026-01-23 18:55:21.640842+01:00,LN20250304,2025-03-04,27864.0,0.0,current,2025-03-25,2025-04-24,"{""duplicate_loan_id"": true, ""balance_exceeds_original"": true}",Current,10.0,27864.0
APP121,client121@example.com,INST_156,heat_pump,13.6,16474,120,2024-06-26,757.0,74251.0,01069,declined,{},Excellent,0.2218690657364884,2026-01-23 18:55:21.640842+01:00,LN20250318,2025-03-18,21097.0,72.0,delinquent,2025-05-10,2025-06-09,"{""balance_exceeds_original"": true}",Delinquent,10.0,21097.0
APP122,person122@example.com,INST_719,solar_battery,18.5,31985,120,2024-10-14,624.0,45350.0,40210,approved,{},Poor,0.7052921719955899,2026-01-23 18:55:21.640842+01:00,,,,,,,,,Current,,31985.0
APP123,contact123@mail.de,INST_719,solar_battery,16.1,26712,144,2024-07-30,582.0,95981.0,40212,approved,{},Poor,0.2783050812139903,2026-01-23 18:55:21.640842+01:00,LN20250316,2025-03-16,25743.0,0.0,current,2025-04-29,2025-05-29,"{""duplicate_loan_id"": true}",Current,10.0,25743.0
APP124,client124@web.de,INST_287,solar_battery,9.3,29916,144,2024-11-11,630.0,85422.0,01069,approved,{},Poor,0.35021423052609396,2026-01-23 18:55:21.640842+01:00,LN20250315,2025-03-15,25688.0,0.0,current,2025-04-24,2025-05-24,"{""duplicate_loan_id"": true}",Current,10.0,25688.0
APP125,person125@web.de,INST_334,heat_pump,,24138,120,2024-06-06,755.0,41428.0,60311,approved,{},Excellent,0.5826494158540118,2026-01-23 18:55:21.640842+01:00,LN20250319,2025-03-19,12601.0,0.0,current,2025-05-01,2025-05-31,"{""duplicate_loan_id"": true}",Current,10.0,12601.0
APP126,buyer126@domain.de,INST_512,solar_pv,14.0,11591,96,2024-11-10,776.0,52927.0,40211,approved,{},Excellent,0.2189997543786725,2026-01-23 18:55:21.640842+01:00,LN20250318,2025-03-18,21574.0,0.0,current,2025-04-26,2025-05-26,"{""duplicate_loan_id"": true, ""balance_exceeds_original"": true}",Current,10.0,21574.0
APP127,client127@web.de,INST_608,solar_battery,10.4,24877,144,2024-10-27,663.0,89460.0,01070,approved,{},Fair,0.27807958864296894,2026-01-23 18:55:21.640842+01:00,LN20250327,2025-03-27,27889.0,0.0,current,2025-05-02,2025-06-01,"{""duplicate_loan_id"": true, ""balance_exceeds_original"": true}",Current,10.0,27889.0
APP128,person128@domain.de,INST_421,solar_battery,13.6,23886,144,2024-07-13,655.0,79396.0,30163,pending,{},Fair,0.30084639024636,2026-01-23 18:55:21.640842+01:00,LN20250309,2025-03-09,27816.0,3.0,late,2025-04-13,2025-05-13,"{""balance_exceeds_original"": true}",Late,10.0,27816.0
APP129,client129@email.de,INST_203,solar_battery,12.6,31577,180,2024-06-24,674.0,69362.0,10115,approved,{},Fair,0.455249271935642,2026-01-23 18:55:21.640842+01:00,,,,,,,,,Current,,31577.0
APP130,applicant130@email.de,INST_156,heat_pump,,23606,96,2024-06-07,745.0,43285.0,70175,approved,{},Good,0.5453621346886912,2026-01-23 18:55:21.640842+01:00,LN20250325,2025-03-25,13693.0,19.0,late,2025-04-26,2025-05-26,"{""duplicate_loan_id"": true}",Late,10.0,13693.0
APP131,applicant131@web.de,INST_156,solar_battery,13.4,28367,180,2024-06-10,717.0,52781.0,70173,approved,{},Good,0.5374471874348724,2026-01-23 18:55:21.640842+01:00,LN20250322,2025-03-22,15119.0,0.0,current,2025-05-12,2025-06-11,"{""duplicate_loan_id"": true}",Current,10.0,15119.0
APP132,person132@domain.de,INST_334,solar_pv,7.2,16070,96,2024-11-15,651.0,39288.0,30163,approved,{},Fair,0.40903074730197514,2026-01-23 18:55:21.640842+01:00,,,,,,,,,Current,,16070.0
APP133,contact133@email.de,INST_203,solar_battery,10.3,26520,96,2024-11-23,595.0,87184.0,70175,pending,{},Poor,0.3041842539915581,2026-01-23 18:55:21.640842+01:00,LN20250321,2025-03-21,30269.0,14.0,late,2025-04-17,2025-05-17,"{""duplicate_loan_id"": true, ""balance_exceeds_original"": true}",Late,10.0,30269.0
APP134,person134@mail.de,INST_156,solar_battery,14.7,34536,96,2024-06-13,632.0,43992.0,80335,pending,{},Poor,0.7850518276050191,2026-01-23 18:55:21.640842+01:00,LN20250315,2025-03-15,28281.0,0.0,current,2025-05-08,2025-06-07,"{""duplicate_loan_id"": true}",Current,10.0,28281.0
APP135,person135@web.de,INST_334,solar_pv,5.1,12159,96,2024-08-10,608.0,38379.0,20099,approved,{},Poor,0.3168138825920425,2026-01-23 18:55:21.640842+01:00,LN20250305,2025-03-05,20782.0,30.0,late,2025-03-29,2025-04-28,"{""balance_exceeds_original"": true}",Late,10.0,20782.0
APP136,customer136@example.com,INST_608,solar_battery,13.4,29802,120,2024-07-15,609.0,43330.0,10117,approved,{},Poor,0.6877913685668128,2026-01-23 18:55:21.640842+01:00,LN20250326,2025-03-26,19519.0,0.0,current,2025-04-20,2025-05-20,"{""duplicate_loan_id"": true}",Current,10.0,19519.0
APP137,applicant137@example.com,INST_091,solar_pv,0.0,17504,180,2024-11-05,713.0,74535.0,01070,declined,"{""invalid_system_size"": true}",Good,0.2348426913530556,2026-01-23 18:55:21.640842+01:00,,,,,,,,,Current,,17504.0
APP138,client138@example.com,INST_719,solar_battery,11.3,24067,144,2024-11-30,617.0,43609.0,10119,declined,{},Poor,0.5518814923524961,2026-01-23 18:55:21.640842+01:00,,,,,,,,,Current,,24067.0
APP139,applicant139@mail.de,INST_512,heat_pump,,19522,180,2024-09-25,609.0,107264.0,40211,approved,{},Poor,0.18199955250596658,2026-01-23 18:55:21.640842+01:00,LN20250312,2025-03-12,29796.0,0.0,current,2025-05-10,2025-06-09,"{""duplicate_loan_id"": true, ""balance_exceeds_original"": true}",Current,10.0,29796.0
APP140,customer140@domain.de,INST_091,heat_pump,,18500,96,2024-09-15,645.0,84060.0,20095,approved,{},Poor,0.22008089459909588,2026-01-23 18:55:21.640842+01:00,LN20250322,2025-03-22,16680.0,0.0,current,2025-05-05,2025-06-04,"{""duplicate_loan_id"": true}",Current,10.0,16680.0
APP141,customer141@example.com,INST_334,solar_pv,14.6,19608,180,2024-09-19,722.0,42861.0,01070,declined,{},Good,0.4574788269055785,2026-01-23 18:55:21.640842+01:00,LN20250322,2025-03-22,16214.0,0.0,current,2025-05-13,2025-06-12,"{""duplicate_loan_id"": true}",Current,10.0,16214.0
APP142,customer142@mail.de,INST_608,solar_pv,6.5,13485,144,2024-12-02,727.0,101507.0,50667,approved,{},Good,0.13284798092742373,2026-01-23 18:55:21.640842+01:00,,,,,,,,,Current,,13485.0
APP143,buyer143@email.de,INST_156,solar_battery,15.3,22430,144,2024-06-30,723.0,107972.0,40210,approved,{},Good,0.20773904345571073,2026-01-23 18:55:21.640842+01:00,,,,,,,,,Current,,22430.0
APP144,kunde144@email.de,INST_608,solar_battery,12.8,32769,120,2024-11-27,616.0,109228.0,50668,approved,{},Poor,0.3000054930970081,2026-01-23 18:55:21.640842+01:00,,,,,,,,,Current,,32769.0
APP145,kunde145@test.com,INST_156,solar_battery,19.3,34727,96,2024-09-05,764.0,77517.0,60314,approved,{},Excellent,0.44799205335603803,2026-01-23 18:55:21.640842+01:00,,,,,,,,,Current,,34727.0
APP146,customer146@mail.de,INST_421,solar_pv,7.7,16785,96,2024-11-20,735.0,92939.0,80337,approved,{},Good,0.18060233056090555,2026-01-23 18:55:21.640842+01:00,LN20250307,2025-03-07,12204.0,0.0,current,2025-04-26,2025-05-26,"{""duplicate_loan_id"": true}",Current,10.0,12204.0
APP147,kunde147@test.com,INST_287,heat_pump,,19612,120,2024-08-12,658.0,40952.0,01067,approved,{},Fair,0.4789021293221332,2026-01-23 18:55:21.640842+01:00,,,,,,,,,Current,,19612.0
APP148,person148@web.de,INST_608,solar_pv,6.8,17055,144,2024-12-14,581.0,100193.0,30159,approved,{},Poor,0.17022147255796313,2026-01-23 18:55:21.640842+01:00,LN20250316,2025-03-16,29378.0,0.0,current,2025-05-06,2025-06-05,"{""duplicate_loan_id"": true, ""balance_exceeds_original"": true}",Current,10.0,29378.0
APP149,applicant149@mail.de,INST_091,solar_battery,14.9,27129,180,2024-06-19,,45205.0,01070,approved,"{""credit_score_out_of_range"": true}",Unknown,0.6001327286804558,2026-01-23 18:55:21.640842+01:00,LN20250321,2025-03-21,16604.0,0.0,current,2025-04-14,2025-05-14,"{""duplicate_loan_id"": true}",Current,10.0,16604.0
APP150,applicant150@web.de,INST_421,solar_battery,13.2,23443,96,2024-06-06,792.0,82428.0,20100,declined,{},Excellent,0.28440578444217984,2026-01-23 18:55:21.640842+01:00,LN20250313,2025-03-13,25814.0,0.0,current,2025-04-24,2025-05-24,"{""duplicate_loan_id"": true, ""balance_exceeds_original"": true}",Current,10.0,25814.0
APP151,person151@domain.de,INST_334,solar_battery,15.6,30363,144,2024-09-10,623.0,45011.0,01070,approved,{},Poor,0.6745684388260648,2026-01-23 18:55:21.640842+01:00,LN20250330,2025-03-30,19372.0,82.0,delinquent,2025-04-30,2025-05-30,{},Delinquent,10.0,19372.0
APP152,customer152@test.com,INST_512,heat_pump,,18842,180,2024-12-04,645.0,60856.0,30163,approved,{},Poor,0.30961614302616014,2026-01-23 18:55:21.640842+01:00,LN20250327,2025-03-27,27769.0,0.0,current,2025-05-12,2025-06-11,"{""duplicate_loan_id"": true, ""balance_exceeds_original"": true}",Current,10.0,27769.0
APP153,user153@example.com,INST_091,heat_pump,,21295,180,2024-12-11,805.0,108989.0,30159,approved,{},Excellent,0.19538669039994863,2026-01-23 18:55:21.640842+01:00,LN20250324,2025-03-24,27109.0,15.0,late,2025-04-23,2025-05-23,"{""balance_exceeds_original"": true}",Late,10.0,27109.0
APP154,kunde154@mail.de,INST_287,heat_pump,,17215,96,2024-09-22,670.0,101497.0,50667,declined,{},Fair,0.1696109244608215,2026-01-23 18:55:21.640842+01:00,LN20250316,2025-03-16,25092.0,0.0,current,2025-05-15,2025-06-14,"{""duplicate_loan_id"": true, ""balance_exceeds_original"": true}",Current,10.0,25092.0
APP155,person155@mail.de,INST_719,solar_pv,9.5,10672,180,2024-11-13,728.0,107655.0,40211,approved,{},Good,0.09913148483581813,2026-01-23 18:55:21.640842+01:00,,,,,,,,,Current,,10672.0
APP156,person156@provider.com,INST_512,solar_pv,10.0,11381,180,2024-10-07,794.0,80015.0,10117,approved,{},Excellent,0.14223583078172844,2026-01-23 18:55:21.640842+01:00,,,,,,,,,Current,,11381.0
APP157,kunde157@domain.de,INST_334,heat_pump,,22697,96,2024-10-13,652.0,85779.0,40211,approved,{},Fair,0.26459856141946164,2026-01-23 18:55:21.640842+01:00,LN20250328,2025-03-28,14098.0,0.0,current,2025-05-19,2025-06-18,"{""duplicate_loan_id"": true}",Current,10.0,14098.0
APP158,client158@mail.de,INST_421,solar_pv,5.8,15461,120,2024-08-24,765.0,54709.0,70175,approved,{},Excellent,0.2826043246997752,2026-01-23 18:55:21.640842+01:00,LN20250331,2025-03-31,19097.0,0.0,current,2025-05-12,2025-06-11,"{""balance_exceeds_original"": true}",Current,10.0,19097.0
APP159,customer159@provider.com,INST_421,heat_pump,,18093,144,2024-10-31,782.0,78054.0,10119,approved,{},Excellent,0.23180106080405874,2026-01-23 18:55:21.640842+01:00,LN20250324,2025-03-24,29177.0,16.0,late,2025-04-27,2025-05-27,"{""duplicate_loan_id"": true, ""balance_exceeds_original"": true}",Late,10.0,29177.0
APP160,customer160@mail.de,INST_091,solar_battery,10.7,25145,96,2024-06-05,776.0,98736.0,50667,approved,{},Excellent,0.25466901636687733,2026-01-23 18:55:21.640842+01:00,,,,,,,,,Current,,25145.0
APP161,user161@provider.com,INST_512,solar_battery,18.0,24962,96,2024-11-17,619.0,56266.0,30159,approved,{},Poor,0.4436426971883553,2026-01-23 18:55:21.640842+01:00,,,,,,,,,Current,,24962.0
APP162,person162@mail.de,INST_512,solar_battery,17.0,34327,120,2024-09-14,736.0,72346.0,01067,declined,{},Good,0.4744837309595555,2026-01-23 18:55:21.640842+01:00,LN20250301,2025-03-01,28359.0,0.0,current,2025-04-23,2025-05-23,"{""duplicate_loan_id"": true}",Current,10.0,28359.0
APP163,person163@domain.de,INST_719,heat_pump,,24239,120,2024-09-03,652.0,85052.0,40210,pending,{},Fair,0.2849903588392983,2026-01-23 18:55:21.640842+01:00,LN20250331,2025-03-31,25082.0,0.0,current,2025-05-09,2025-06-08,"{""duplicate_loan_id"": true, ""balance_exceeds_original"": true}",Current,10.0,25082.0
APP164,user164@mail.de,INST_512,solar_pv,13.5,18452,120,2024-08-04,819.0,48446.0,40212,approved,{},Excellent,0.38087767823968954,2026-01-23 18:55:21.640842+01:00,,,,,,,,,Current,,18452.0
APP165,person165@example.com,INST_091,solar_pv,5.5,16797,144,2024-09-20,818.0,38495.0,80335,declined,{},Excellent,0.43634238212754906,2026-01-23 18:55:21.640842+01:00,LN20250328,2025-03-28,18896.0,0.0,current,2025-04-23,2025-05-23,"{""duplicate_loan_id"": true, ""balance_exceeds_original"": true}",Current,10.0,18896.0
APP166,contact166@provider.com,INST_156,solar_pv,6.4,12392,180,2024-07-28,746.0,78947.0,50668,pending,{},Good,0.1569660658416406,2026-01-23 18:55:21.640842+01:00,,,,,,,,,Current,,12392.0
APP167,applicant167@email.de,INST_287,heat_pump,,18449,120,2024-09-23,,63266.0,10115,pending,"{""credit_score_out_of_range"": true}",Unknown,0.29161002750292414,2026-01-23 18:55:21.640842+01:00,LN20250316,2025-03-16,12286.0,0.0,current,2025-04-27,2025-05-27,"{""duplicate_loan_id"": true}",Current,10.0,12286.0
APP168,kunde168@provider.com,INST_608,solar_pv,6.1,11029,120,2024-08-17,739.0,94914.0,10117,approved,{},Good,0.11619992835619614,2026-01-23 18:55:21.640842+01:00,,,,,,,,,Current,,11029.0
APP169,client169@email.de,INST_608,solar_pv,6.9,16825,96,2024-12-01,641.0,109798.0,50667,approved,{},Poor,0.15323594236689192,2026-01-23 18:55:21.640842+01:00,LN20250307,2025-03-07,32116.0,0.0,current,2025-04-12,2025-05-12,"{""balance_exceeds_original"": true}",Current,10.0,32116.0
APP170,customer170@domain.de,INST_719,solar_battery,17.5,27850,144,2024-09-08,644.0,37128.0,10117,approved,{},Poor,0.750107735401853,2026-01-23 18:55:21.640842+01:00,LN20250327,2025-03-27,18204.0,0.0,current,2025-05-11,2025-06-10,"{""duplicate_loan_id"": true}",Current,10.0,18204.0
APP171,customer171@provider.com,INST_512,solar_pv,11.3,17840,96,2024-07-05,624.0,95899.0,50670,approved,{},Poor,0.1860290513978248,2026-01-23 18:55:21.640842+01:00,LN20250316,2025-03-16,24384.0,0.0,current,2025-05-02,2025-06-01,"{""duplicate_loan_id"": true, ""balance_exceeds_original"": true}",Current,10.0,24384.0
APP172,contact172@mail.de,INST_042,solar_pv,9.0,18444,120,2024-08-15,660.0,75642.0,10117,declined,{},Fair,0.24383279130641708,2026-01-23 18:55:21.640842+01:00,LN20250320,2025-03-20,15350.0,0.0,current,2025-04-28,2025-05-28,{},Current,10.0,15350.0
APP173,contact173@example.com,INST_334,solar_battery,13.2,28029,120,2024-08-13,649.0,51315.0,30159,approved,{},Poor,0.546214557147033,2026-01-23 18:55:21.640842+01:00,,,,,,,,,Current,,28029.0
APP174,buyer174@mail.de,INST_091,heat_pump,12.2,22955,96,2024-10-06,648.0,45828.0,70173,approved,{},Poor,0.5008946495592215,2026-01-23 18:55:21.640842+01:00,,,,,,,,,Current,,22955.0
APP175,applicant175@mail.de,INST_042,heat_pump,,23272,96,2024-08-23,750.0,56842.0,50667,approved,{},Excellent,0.4094155729918018,2026-01-23 18:55:21.640842+01:00,,,,,,,,,Current,,23272.0
APP176,kunde176@test.com,INST_091,heat_pump,12.3,16510,120,2024-11-19,753.0,55969.0,60311,approved,{},Excellent,0.29498472368632633,2026-01-23 18:55:21.640842+01:00,LN20250319,2025-03-19,24523.0,0.0,current,2025-05-17,2025-06-16,"{""duplicate_loan_id"": true, ""balance_exceeds_original"": true}",Current,10.0,24523.0
APP177,customer177@web.de,INST_156,heat_pump,,23371,144,2024-12-17,588.0,55111.0,50670,approved,{},Poor,0.42407141949882965,2026-01-23 18:55:21.640842+01:00,LN20250310,2025-03-10,18482.0,0.0,current,2025-05-03,2025-06-02,"{""duplicate_loan_id"": true}",Current,10.0,18482.0
APP178,customer178@mail.de,INST_287,solar_battery,14.2,30176,180,2024-09-10,586.0,59385.0,40212,approved,{},Poor,0.5081417866464596,2026-01-23 18:55:21.640842+01:00,,,,,,,,,Current,,30176.0
APP179,contact179@email.de,INST_334,heat_pump,,18223,144,2024-07-25,631.0,51074.0,50667,approved,{},Poor,0.3567960214590594,2026-01-23 18:55:21.640842+01:00,,,,,,,,,Current,,18223.0
APP180,customer180@test.com,INST_156,solar_pv,12.9,12852,120,2024-11-29,797.0,55644.0,70175,approved,{},Excellent,0.23096829846883762,2026-01-23 18:55:21.640842+01:00,LN20250327,2025-03-27,26888.0,65.0,delinquent,2025-04-17,2025-05-17,"{""duplicate_loan_id"": true, ""balance_exceeds_original"": true}",Delinquent,10.0,26888.0
APP181,buyer181@example.com,INST_512,solar_battery,15.3,24126,180,2024-12-20,699.0,107305.0,10115,approved,{},Fair,0.22483574856716834,2026-01-23 18:55:21.640842+01:00,LN20250325,2025-03-25,27740.0,0.0,current,2025-05-12,2025-06-11,"{""duplicate_loan_id"": true, ""balance_exceeds_original"": true}",Current,10.0,27740.0
APP182,user182@domain.de,INST_608,solar_battery,13.6,29372,120,2024-12-14,661.0,44720.0,30163,approved,{},Fair,0.6567978533094813,2026-01-23 18:55:21.640842+01:00,LN20250320,2025-03-20,27858.0,0.0,current,2025-04-13,2025-05-13,"{""duplicate_loan_id"": true}",Current,10.0,27858.0
APP183,client183@provider.com,INST_203,solar_pv,6.5,18488,144,2024-12-14,792.0,51274.0,60313,approved,{},Excellent,0.36057260989975426,2026-01-23 18:55:21.640842+01:00,,,,,,,,,Current,,18488.0
APP184,customer184@web.de,INST_156,solar_battery,15.5,24050,120,2024-10-11,721.0,70972.0,10119,approved,{},Good,0.33886603167446316,2026-01-23 18:55:21.640842+01:00,,,,,,,,,Current,,24050.0
APP185,buyer185@provider.com,INST_203,heat_pump,,65324,180,2024-07-14,795.0,108874.0,40211,declined,{},Excellent,0.5999963260282528,2026-01-23 18:55:21.640842+01:00,LN20250328,2025-03-28,25662.0,0.0,current,2025-05-18,2025-06-17,"{""duplicate_loan_id"": true}",Current,10.0,25662.0
APP186,applicant186@mail.de,INST_512,heat_pump,,23912,96,2024-11-06,654.0,74596.0,10115,approved,{},Fair,0.3205533808783313,2026-01-23 18:55:21.640842+01:00,LN20250305,2025-03-05,20380.0,0.0,late,2025-04-01,2025-05-01,"{""duplicate_loan_id"": true}",Current,10.0,20380.0
APP187,client187@provider.com,INST_334,solar_pv,6.4,19939,180,2024-11-24,632.0,79589.0,20100,approved,{},Poor,0.25052456997826333,2026-01-23 18:55:21.640842+01:00,LN20250304,2025-03-04,28045.0,0.0,current,2025-04-06,2025-05-06,"{""duplicate_loan_id"": true, ""balance_exceeds_original"": true}",Current,10.0,28045.0
APP188,kunde188@mail.de,INST_421,solar_battery,13.4,26382,180,2024-07-04,699.0,51059.0,70174,approved,{},Fair,0.5166963708650777,2026-01-23 18:55:21.640842+01:00,LN20250303,2025-03-03,21988.0,0.0,current,2025-03-30,2025-04-29,{},Current,10.0,21988.0
APP189,contact189@mail.de,INST_512,solar_pv,10.0,12610,96,2024-08-03,660.0,59881.0,30163,approved,{},Fair,0.21058432557906515,2026-01-23 18:55:21.640842+01:00,,,,,,,,,Current,,12610.0
APP190,contact190@mail.de,INST_608,solar_battery,8.6,22797,96,2024-06-24,729.0,81254.0,70174,approved,{},Good,0.28056464912496615,2026-01-23 18:55:21.640842+01:00,LN20250304,2025-03-04,17249.0,0.0,current,2025-04-04,2025-05-04,"{""duplicate_loan_id"": true}",Current,10.0,17249.0
APP191,person191@mail.de,INST_608,solar_battery,8.5,27995,144,2024-06-28,775.0,87855.0,20099,declined,{},Excellent,0.31865004837516364,2026-01-23 18:55:21.640842+01:00,LN20250301,2025-03-01,17368.0,0.0,current,2025-04-16,2025-05-16,{},Current,10.0,17368.0
APP192,client192@web.de,INST_334,solar_battery,19.7,24108,120,2024-06-19,791.0,50572.0,70174,approved,{},Excellent,0.47670647789290516,2026-01-23 18:55:21.640842+01:00,LN20250301,2025-03-01,14155.0,0.0,current,2025-04-05,2025-05-05,"{""duplicate_loan_id"": true}",Current,10.0,14155.0
APP193,contact193@test.com,INST_719,heat_pump,,18245,120,2024-07-21,,40100.0,70174,approved,"{""credit_score_out_of_range"": true}",Unknown,0.4549875311720698,2026-01-23 18:55:21.640842+01:00,,,,,,,,,Current,,18245.0
APP194,contact194@provider.com,INST_719,heat_pump,,21511,144,2024-08-23,769.0,74221.0,50668,approved,{},Excellent,0.28982363482033385,2026-01-23 18:55:21.640842+01:00,LN20250323,2025-03-23,17116.0,0.0,current,2025-05-22,2025-06-21,{},Current,10.0,17116.0
APP195,person195@provider.com,INST_042,solar_pv,11.0,10436,180,2024-09-30,686.0,75327.0,50670,approved,{},Fair,0.13854262083980512,2026-01-23 18:55:21.640842+01:00,LN20250312,2025-03-12,13990.0,0.0,current,2025-04-11,2025-05-11,"{""duplicate_loan_id"": true, ""balance_exceeds_original"": true}",Current,10.0,13990.0
APP196,kunde196@example.com,INST_334,heat_pump,14.6,19968,180,2024-07-14,677.0,54369.0,40212,declined,{},Fair,0.367268112343431,2026-01-23 18:55:21.640842+01:00,,,,,,,,,Current,,19968.0
APP197,person197@web.de,INST_334,solar_battery,16.7,34055,180,2024-07-09,736.0,96814.0,01069,approved,{},Good,0.351756977296672,2026-01-23 18:55:21.640842+01:00,LN20250319,2025-03-19,29468.0,0.0,current,2025-05-05,2025-06-04,"{""duplicate_loan_id"": true}",Current,10.0,29468.0
APP198,buyer198@web.de,INST_512,solar_battery,12.3,30950,120,2024-10-13,716.0,79869.0,50668,pending,{},Good,0.38750954688302097,2026-01-23 18:55:21.640842+01:00,LN20250301,2025-03-01,20004.0,0.0,current,2025-04-01,2025-05-01,"{""duplicate_loan_id"": true}",Current,10.0,20004.0
APP199,client199@example.com,INST_334,solar_battery,10.5,33549,144,2024-08-03,656.0,72880.0,70175,approved,{},Fair,0.46033205268935234,2026-01-23 18:55:21.640842+01:00,LN20250323,2025-03-23,29976.0,0.0,current,2025-04-30,2025-05-30,"{""duplicate_loan_id"": true}",Current,10.0,29976.0
APP200,customer200@mail.de,INST_512,solar_pv,7.9,12399,144,2024-08-13,681.0,80237.0,40210,approved,{},Fair,0.15452970574672534,2026-01-23 18:55:21.640842+01:00,LN20250309,2025-03-09,20968.0,0.0,current,2025-04-30,2025-05-30,"{""duplicate_loan_id"": true, ""balance_exceeds_original"": true}",Current,10.0,20968.0
